aelys	aelys	doc
aelys	aelys	lib
aelys-air	aelys_air	doc
aelys-air	aelys_air	lib
aelys	air_cast_tests	test
aelys	air_layout_tests	test
aelys	air_lower_tests	test
aelys	air_print_tests	test
aelys	air_validation_tests	test
aelys	array_syntax_tests	test
aelys	audit_regression_tests	test
aelys	bench_harness	test
aelys-cli	aelys-cli	bin
aelys-cli	aelys_cli	doc
aelys-cli	aelys_cli	lib
aelys-cli	warning_handling_tests	test
aelys-codegen	aelys_codegen	doc
aelys-codegen	aelys_codegen	lib
aelys-common	aelys_common	doc
aelys-common	aelys_common	lib
aelys-core	aelys_core	doc
aelys-core	aelys_core	lib
aelys	cross_o_differential_tests	test
aelys-driver	aelys_driver	doc
aelys-driver	aelys_driver	lib
aelys-driver	emit_llvm_ir_mode_tests	test
aelys-driver	lower_backend_diagnostics_tests	test
aelys-driver	warning_diagnostics_tests	test
aelys	e2e_fixtures_golden_tests	test
aelys	eh_stage1_tests	test
aelys	eh_stage2_tests	test
aelys	eh_stage3_tests	test
aelys	eh_stage4_diagnostics_tests	test
aelys	enum_parse_tests	test
aelys	error_format_test	test
aelys	fatal_error_filter_tests	test
aelys	ffi_stage0_effects_barrier_tests	test
aelys	ffi_stage0_symbol_conflict_tests	test
aelys	ffi_stage1_c_abi_tests	test
aelys	ffi_stage1_effects_tests	test
aelys	ffi_stage1_lowering_tests	test
aelys	ffi_stage1_merge_tests	test
aelys	ffi_stage1_surface_tests	test
aelys	ffi_stage1_type_surface_tests	test
aelys	ffi_stage1_value_position_tests	test
aelys	ffi_stage3_divergence_tests	test
aelys	ffi_stage3_effects_tests	test
aelys	ffi_stage3_unsafe_call_tests	test
aelys	ffi_stage3_unsafe_scope_tests	test
aelys	ffi_stage4_abi_tests	test
aelys	ffi_stage4_link_tests	test
aelys-frontend	aelys_frontend	doc
aelys-frontend	aelys_frontend	lib
aelys	governance_tests	test
aelys	group_std_core_tests	test
aelys	group_std_data_tests	test
aelys	group_std_io_tests	test
aelys	ice_surface_tests	test
aelys	implicit_widening_tests	test
aelys	len_surface_tests	test
aelys	lexer_test	test
aelys	llvm_air_abi_tests	test
aelys	llvm_air_index_tests	test
aelys	llvm_air_phi_alloca_tests	test
aelys	llvm_air_runnable_tests	test
aelys	llvm_codegen_e2e_tests	test
aelys	llvm_codegen_quality_tests	test
aelys	llvm_global_tests	test
aelys	llvm_sret_tests	test
aelys	llvm_string_abi_hardening_tests	test
aelys	modules_result_surface_tests	test
aelys	modules_stage1_surface_tests	test
aelys	modules_stage1_witness_tests	test
aelys	modules_stage3_witness_tests	test
aelys	mono_surface_tests	test
aelys	narrowing_stress_tests	test
aelys	nogc_run2_effects_tests	test
aelys	nogc_run2_inference_tests	test
aelys	nogc_run2_stage3a_tests	test
aelys	nogc_run2_stage3b_tests	test
aelys	nogc_run2_stage4_panic_tests	test
aelys	nogc_run2_stage4_tests	test
aelys	nogc_run2_stage5a_witness_tests	test
aelys	nogc_run2_stage5b_diagnostics_tests	test
aelys	nogc_stage1_refs_tests	test
aelys	nogc_stage2_moves_tests	test
aelys	nogc_stage3_loans_tests	test
aelys	nogc_stage4_origins_tests	test
aelys	nogc_stage5_diagnostics_tests	test
aelys-opt	aelys_opt	doc
aelys-opt	aelys_opt	lib
aelys	opt_invariance_tests	test
aelys	parser_test	test
aelys	rc_elision_tests	test
aelys	rc_seam_tests	test
aelys	rc_stage1_tests	test
aelys	rc_stage2_tests	test
aelys	rc_stage3a_tests	test
aelys	rc_stage3b_tests	test
aelys	rc_stage3c_tests	test
aelys	rc_stage4_tests	test
aelys	rc_stage5_tests	test
aelys	regression_bugfix_tests	test
aelys	run3_stage1_loan_roots_tests	test
aelys	run3_stage2_positions_tests	test
aelys	run3_stage3_cow_tests	test
aelys	run3_stage4_ref_mutability_tests	test
aelys	run3_stage4_slice_views_tests	test
aelys	run3_stage6_boundary_tests	test
aelys	sema_adversarial_tests	test
aelys-sema	aelys_sema	doc
aelys-sema	aelys_sema	lib
aelys	sema_annotation_validation_tests	test
aelys	sema_constraint_tests	test
aelys	sema_deep_bugs_tests	test
aelys	sema_env_tests	test
aelys	sema_error_tests	test
aelys	sema_force_dynamic_tests	test
aelys	sema_implicit_return_tests	test
aelys	sema_infer_type_tests	test
aelys	sema_interaction_tests	test
aelys	semantic_invariants_tests	test
aelys	sema_oneof_tests	test
aelys	sema_resolved_type_tests	test
aelys	sema_rollback_tests	test
aelys	sema_scope_tests	test
aelys	sema_type_propagation_tests	test
aelys	sema_type_var_tests	test
aelys	stage3b_rejection_tests	test
aelys	stage3c_tests	test
aelys	stage3d_tests	test
aelys	string_interpolation_tests	test
aelys-syntax	aelys_syntax	doc
aelys-syntax	aelys_syntax	lib
aelys	syntax_span_test	test
aelys	vec_surface_tests	test
aelys	vec_value_semantics_tests	test
aelys	workspace_crates_compile	test
